fid,chars,items,per1k,diag,sym,drug,labn,labr,neg,hist,nested,wide,bad_icd,bad_rx,long,risk
1,2942,10,3.4,0,9,1,0,0,2,0,0,0,0,0,0,ok
2,593,5,8.4,5,0,0,0,0,0,1,0,0,0,0,0,ok
3,4428,16,3.6,1,13,0,2,0,4,0,0,0,0,0,0,ok
4,2246,16,7.1,2,14,0,0,0,2,0,0,0,0,0,0,ok
5,1420,34,23.9,8,10,3,7,6,6,4,0,0,0,0,0,ok
6,584,2,3.4,2,0,0,0,0,0,1,0,0,0,0,0,ok
7,2308,4,1.7,0,4,0,0,0,0,0,0,0,0,0,0,under_extract;very_sparse
8,964,7,7.3,6,1,0,0,0,0,1,0,0,0,0,0,ok
9,1069,20,18.7,4,4,1,4,7,1,2,0,0,0,0,0,ok
10,784,3,3.8,0,3,0,0,0,0,0,0,0,0,0,0,ok
11,514,2,3.9,2,0,0,0,0,0,2,0,1,0,0,0,wide_candidates
12,1210,15,12.4,2,12,0,1,0,2,0,0,0,0,0,0,ok
13,2572,33,12.8,11,14,8,0,0,0,5,0,0,0,0,0,ok
14,798,8,10.0,0,8,0,0,0,1,0,0,0,0,0,0,ok
15,281,2,7.1,2,0,0,0,0,0,0,0,0,0,0,0,ok
16,2286,54,23.6,17,30,0,3,4,9,6,0,0,0,0,0,ok
17,1983,8,4.0,0,7,0,1,0,1,0,0,0,0,0,0,ok
18,833,3,3.6,0,3,0,0,0,0,0,0,0,0,0,0,under_extract
19,1216,19,15.6,6,10,3,0,0,4,9,0,0,0,0,0,ok
20,3007,59,19.6,36,9,2,9,3,3,9,1,0,0,0,0,ok
21,520,1,1.9,1,0,0,0,0,0,0,0,0,0,0,0,very_sparse
22,379,1,2.6,0,0,1,0,0,0,0,0,0,0,0,0,very_sparse
23,2878,5,1.7,0,5,0,0,0,2,0,0,0,0,0,0,very_sparse
24,1361,4,2.9,0,4,0,0,0,2,0,0,0,0,0,0,under_extract;very_sparse
25,440,2,4.5,2,0,0,0,0,0,1,0,0,0,0,0,ok
26,378,1,2.6,1,0,0,0,0,0,1,0,1,0,0,0,very_sparse;wide_candidates
27,1368,12,8.8,3,9,0,0,0,7,2,0,0,0,0,0,ok
28,2422,13,5.4,0,13,0,0,0,2,0,0,0,0,0,0,ok
29,373,4,10.7,2,2,0,0,0,2,0,0,0,0,0,0,ok
30,1517,20,13.2,6,8,6,0,0,0,12,0,0,0,0,0,ok
31,196,1,5.1,0,1,0,0,0,0,0,0,0,0,0,0,ok
32,2326,47,20.2,13,23,3,4,4,7,10,0,0,0,0,0,ok
33,1627,10,6.1,1,8,1,0,0,0,0,0,1,0,0,0,wide_candidates
34,1377,9,6.5,0,9,0,0,0,0,0,0,0,0,0,0,ok
35,1725,13,7.5,3,4,0,3,3,0,3,0,0,0,0,0,ok
36,2420,13,5.4,0,2,0,9,2,0,0,0,0,0,0,0,ok
37,1739,6,3.5,1,0,0,4,1,0,1,0,0,0,0,0,ok
38,1133,8,7.1,0,5,0,3,0,2,0,0,0,0,0,0,ok
39,670,7,10.4,0,5,0,1,1,2,0,0,0,0,0,0,ok
40,1752,25,14.3,4,19,0,1,1,7,0,0,1,0,0,0,wide_candidates
41,3347,72,21.5,27,28,7,7,3,0,12,0,0,0,0,0,ok
42,925,6,6.5,0,6,0,0,0,3,0,0,0,0,0,0,ok
43,1508,4,2.7,0,4,0,0,0,3,0,0,0,0,0,0,under_extract;very_sparse
44,1980,16,8.1,2,14,0,0,0,2,0,0,1,0,0,0,wide_candidates
45,993,2,2.0,2,0,0,0,0,0,0,0,0,0,0,0,under_extract;very_sparse
46,616,11,17.9,4,2,0,3,2,0,1,0,0,0,0,0,ok
47,2984,10,3.4,0,10,0,0,0,10,0,0,0,0,0,0,ok
48,2762,52,18.8,6,43,0,2,1,3,6,0,0,0,0,0,ok
49,1275,3,2.4,1,2,0,0,0,1,0,0,0,0,0,0,under_extract;very_sparse
50,2073,34,16.4,3,16,15,0,0,1,12,0,0,0,0,0,ok
51,1311,10,7.6,2,6,0,1,1,0,2,0,0,0,0,0,ok
52,989,3,3.0,0,3,0,0,0,0,0,0,0,0,0,0,under_extract
53,1229,2,1.6,0,2,0,0,0,0,0,0,0,0,0,0,under_extract;very_sparse
54,2956,11,3.7,3,0,0,4,4,0,0,0,0,0,0,0,ok
55,136,2,14.7,0,2,0,0,0,0,0,0,0,0,0,0,ok
56,1499,7,4.7,2,5,0,0,0,0,0,0,0,0,0,0,ok
57,373,3,8.0,3,0,0,0,0,0,0,0,0,0,0,0,ok
58,2931,6,2.0,2,4,0,0,0,0,0,0,0,0,0,0,very_sparse
59,2126,9,4.2,0,9,0,0,0,0,3,0,0,0,0,0,ok
60,879,5,5.7,3,2,0,0,0,1,0,0,0,0,0,0,ok
61,1215,2,1.6,0,2,0,0,0,1,0,0,0,0,0,0,under_extract;very_sparse
62,334,3,9.0,0,3,0,0,0,0,0,0,0,0,0,0,ok
63,1676,9,5.4,0,6,0,2,1,0,0,0,0,0,0,0,ok
64,1747,8,4.6,0,8,0,0,0,6,0,0,0,0,0,0,ok
65,646,6,9.3,0,2,0,2,2,0,0,0,0,0,0,0,ok
66,1416,6,4.2,3,0,0,3,0,1,3,0,1,0,0,0,wide_candidates
67,503,5,9.9,4,1,0,0,0,0,0,0,2,0,0,0,wide_candidates
68,297,4,13.5,2,2,0,0,0,0,2,0,2,0,0,0,wide_candidates
69,983,16,16.3,12,2,0,0,2,0,5,0,0,0,0,0,ok
70,2360,13,5.5,0,10,3,0,0,3,0,0,0,0,0,0,ok
71,1009,10,9.9,3,7,0,0,0,0,0,0,0,0,0,0,ok
72,1497,15,10.0,7,2,0,4,2,0,0,0,0,0,0,0,ok
73,1707,16,9.4,5,7,4,0,0,4,0,0,0,0,0,0,ok
74,1805,9,5.0,0,7,0,1,1,4,0,0,0,0,0,0,ok
75,1828,10,5.5,0,7,1,1,1,1,0,0,0,0,0,0,ok
76,1255,15,12.0,1,8,0,3,3,0,1,0,0,0,0,0,ok
77,1232,2,1.6,0,2,0,0,0,0,0,0,0,0,0,0,under_extract;very_sparse
78,589,5,8.5,0,5,0,0,0,0,0,0,0,0,0,0,ok
79,344,4,11.6,2,2,0,0,0,0,2,0,0,0,0,0,ok
80,581,3,5.2,3,0,0,0,0,0,0,0,0,0,0,0,ok
81,462,3,6.5,3,0,0,0,0,0,0,0,0,0,0,0,ok
82,1251,8,6.4,1,6,0,1,0,0,0,0,0,0,0,0,ok
83,414,2,4.8,0,2,0,0,0,0,0,0,0,0,0,0,ok
84,1415,8,5.7,4,4,0,0,0,0,5,0,0,0,0,0,ok
85,611,7,11.5,7,0,0,0,0,0,7,0,0,0,0,0,ok
86,859,2,2.3,0,2,0,0,0,0,0,0,0,0,0,0,under_extract;very_sparse
87,1177,7,5.9,4,3,0,0,0,0,2,0,0,0,0,0,ok
88,964,11,11.4,10,1,0,0,0,0,5,0,0,0,0,0,ok
89,1438,10,7.0,5,2,3,0,0,0,8,0,0,0,0,0,ok
90,235,5,21.3,3,2,0,0,0,0,0,0,0,0,0,0,ok
91,1163,7,6.0,0,5,0,1,1,5,0,0,0,0,0,0,ok
92,612,1,1.6,0,0,0,1,0,0,0,0,0,0,0,0,very_sparse
93,373,1,2.7,0,1,0,0,0,0,0,0,0,0,0,0,very_sparse
94,887,12,13.5,0,10,0,1,1,1,0,0,0,0,0,0,ok
95,673,7,10.4,0,7,0,0,0,4,7,0,0,0,0,0,ok
96,1639,18,11.0,13,5,0,0,0,1,4,0,0,0,0,0,ok
97,1255,9,7.2,0,2,0,4,3,0,0,0,0,0,0,0,ok
98,499,3,6.0,2,1,0,0,0,0,3,0,0,0,0,0,ok
99,341,5,14.7,0,5,0,0,0,0,0,0,0,0,0,0,ok
100,1513,5,3.3,0,4,0,1,0,3,0,0,0,0,0,0,ok
